countycode,countyname,subcountycode,subcounty,constituencycode,constituency,communitycode,communityname
41,siaya,003ken006009,siaya,234,alego,003ken006009001001001,kakumu
41,siaya,003ken006009,siaya,234,alego,003ken006009001001002,kochieng_a
41,siaya,003ken006009,siaya,234,alego,003ken006009001001003,kochieng_b
41,siaya,003ken006009,siaya,234,alego,003ken006009001001004,kokeyo
41,siaya,003ken006009,siaya,234,alego,003ken006009001001005,ojwando_a
41,siaya,003ken006009,siaya,234,alego,003ken006009001001006,ojwando_b
41,siaya,003ken006009,siaya,234,alego,003ken006009001002001,hono
41,siaya,003ken006009,siaya,234,alego,003ken006009001002002,komolo
41,siaya,003ken006009,siaya,234,alego,003ken006009001002003,nyalgunga
41,siaya,003ken006009,siaya,234,alego,003ken006009001002004,nyamila
41,siaya,003ken006009,siaya,234,alego,003ken006009001003001,kadenge
41,siaya,003ken006009,siaya,234,alego,003ken006009001003002,obambo
41,siaya,003ken006009,siaya,234,alego,003ken006009002001001,olwa
41,siaya,003ken006009,siaya,233,ugenya,003ken006009002001002,umala
41,siaya,003ken006009,siaya,234,alego,003ken006009002001003,ulafu
41,siaya,003ken006009,siaya,234,alego,003ken006009002002001,bar_ding
41,siaya,003ken006009,siaya,234,alego,003ken006009002002002,bar_olengo
41,siaya,003ken006009,siaya,234,alego,003ken006009002002003,bar_osimbo
41,siaya,003ken006009,siaya,234,alego,003ken006009002002004,mur_malanga
41,siaya,003ken006009,siaya,234,alego,003ken006009002002005,nyajuok
41,siaya,003ken006009,siaya,234,alego,003ken006009002002006,pap_oriang
41,siaya,003ken006009,siaya,234,alego,003ken006009002002007,randago
41,siaya,003ken006009,siaya,234,alego,003ken006009002003001,bar_agulu
41,siaya,003ken006009,siaya,234,alego,003ken006009002003002,masumbi
41,siaya,003ken006009,siaya,234,alego,003ken006009002003003,mur_ngiya
41,siaya,003ken006009,siaya,234,alego,003ken006009002003004,nyangoma
41,siaya,003ken006009,siaya,234,alego,003ken006009002004001,karapul
41,siaya,003ken006009,siaya,234,alego,003ken006009002004002,mulaha
41,siaya,003ken006009,siaya,235,gem,003ken006009002004003,wagai_east
41,siaya,003ken006009,siaya,233,ugenya,003ken006009003001001,ambira
41,siaya,003ken006009,siaya,233,ugenya,003ken006009003001002,ngunya
41,siaya,003ken006009,siaya,234,alego,003ken006009003001003,umala_s.e.alego
41,siaya,003ken006009,siaya,233,ugenya,003ken006009003002001,got_osimbo
41,siaya,003ken006009,siaya,233,ugenya,003ken006009003002002,madungu
41,siaya,003ken006009,siaya,233,ugenya,003ken006009003002003,mungao
41,siaya,003ken006009,siaya,233,ugenya,003ken006009003002004,sigomere
41,siaya,003ken006009,siaya,233,ugenya,003ken006009003003001,asango_east
41,siaya,003ken006009,siaya,233,ugenya,003ken006009003003002,asango_west
41,siaya,003ken006009,siaya,233,ugenya,003ken006009003003003,tingare_east
41,siaya,003ken006009,siaya,233,ugenya,003ken006009003003004,tingare_west
41,siaya,003ken006009,siaya,233,ugenya,003ken006009003004001,rangala
41,siaya,003ken006009,siaya,233,ugenya,003ken006009003004002,ruwe
41,siaya,003ken006009,siaya,233,ugenya,003ken006009003004003,simenya
41,siaya,003ken006009,siaya,233,ugenya,003ken006009003004004,uhuyi
41,siaya,003ken006009,siaya,233,ugenya,003ken006009003004005,yiro_east
41,siaya,003ken006009,siaya,233,ugenya,003ken006009003004006,yiro_west
41,siaya,003ken006009,siaya,233,ugenya,003ken006009003005001,magoya
41,siaya,003ken006009,siaya,233,ugenya,003ken006009003005002,rambula_north
41,siaya,003ken006009,siaya,233,ugenya,003ken006009003005003,rambula_south
41,siaya,003ken006009,siaya,233,ugenya,003ken006009003005004,ugunja
41,siaya,003ken006009,siaya,232,ugenya,003ken006009004001001,kathieno_a
41,siaya,003ken006009,siaya,232,ugenya,003ken006009004001002,kathieno_b
41,siaya,003ken006009,siaya,232,ugenya,003ken006009004001003,kathieno_c
41,siaya,003ken006009,siaya,235,gem,003ken006009004002001,anyiko
41,siaya,003ken006009,siaya,232,ugenya,003ken006009004002002,jera
41,siaya,003ken006009,siaya,232,ugenya,003ken006009004002003,ligala
41,siaya,003ken006009,siaya,233,ugenya,003ken006009004002004,ligega
41,siaya,003ken006009,siaya,232,ugenya,003ken006009004002005,nyamsenda
41,siaya,003ken006009,siaya,232,ugenya,003ken006009004002006,ramunde
41,siaya,003ken006009,siaya,232,ugenya,003ken006009004002007,sihayi
41,siaya,003ken006009,siaya,232,ugenya,003ken006009004003001,kagonya
41,siaya,003ken006009,siaya,232,ugenya,003ken006009004003002,nyalenya
41,siaya,003ken006009,siaya,232,ugenya,003ken006009004003003,sega
41,siaya,003ken006009,siaya,232,ugenya,003ken006009004003004,uyundo
41,siaya,003ken006009,siaya,232,ugenya,003ken006009004004001,karadolo
41,siaya,003ken006009,siaya,232,ugenya,003ken006009004004002,karondolo_east
41,siaya,003ken006009,siaya,232,ugenya,003ken006009004004003,ndenga
41,siaya,003ken006009,siaya,232,ugenya,003ken006009004005001,doho_east
41,siaya,003ken006009,siaya,232,ugenya,003ken006009004005002,doho_west
41,siaya,003ken006009,siaya,232,ugenya,003ken006009004005003,simur
41,siaya,003ken006009,siaya,232,ugenya,003ken006009004005004,simur_east
41,siaya,003ken006009,siaya,232,ugenya,003ken006009004005005,simur_kondiek
41,siaya,003ken006009,siaya,232,ugenya,003ken006009004005006,siranga
41,siaya,003ken006009,siaya,232,ugenya,003ken006009004005007,yenga
41,siaya,003ken006009,siaya,232,ugenya,003ken006009004006001,masat
41,siaya,003ken006009,siaya,232,ugenya,003ken006009004006002,masat_west
41,siaya,003ken006009,siaya,232,ugenya,003ken006009004006003,sifuyo
41,siaya,003ken006009,siaya,232,ugenya,003ken006009004006004,sifuyo_west
41,siaya,003ken006009,siaya,234,alego,003ken006009005001001,gangu
41,siaya,003ken006009,siaya,234,alego,003ken006009005001002,kabura_uhuyi
41,siaya,003ken006009,siaya,234,alego,003ken006009005001003,kaugagi_hawinga
41,siaya,003ken006009,siaya,234,alego,003ken006009005001004,kaugagi_udenda
41,siaya,003ken006009,siaya,234,alego,003ken006009005001005,sigoma_uranga
41,siaya,003ken006009,siaya,234,alego,003ken006009005002001,nyandorera_a
41,siaya,003ken006009,siaya,234,alego,003ken006009005002002,nyandorera_b
41,siaya,003ken006009,siaya,234,alego,003ken006009005002003,sumba
41,siaya,003ken006009,siaya,234,alego,003ken006009005003001,kalkada_uradi
41,siaya,003ken006009,siaya,234,alego,003ken006009005003002,kondiere
41,siaya,003ken006009,siaya,234,alego,003ken006009005003003,komenya_kalaka
41,siaya,003ken006009,siaya,234,alego,003ken006009005003004,komenya_kowala
41,siaya,003ken006009,siaya,234,alego,003ken006009005003005,mahola_ulawe
41,siaya,003ken006009,siaya,232,ugenya,003ken006009006001001,ulamba
41,siaya,003ken006009,siaya,235,gem,003ken006009006001002,uriri
41,siaya,003ken006009,siaya,235,gem,003ken006009006001003,wagai_west
41,siaya,003ken006009,siaya,235,gem,003ken006009006002001,asayi
41,siaya,003ken006009,siaya,235,gem,003ken006009006002002,malungu_east
41,siaya,003ken006009,siaya,235,gem,003ken006009006002003,malungu_west
41,siaya,003ken006009,siaya,235,gem,003ken006009006002004,sirembe
41,siaya,003ken006009,siaya,235,gem,003ken006009006003001,gombe
41,siaya,003ken006009,siaya,235,gem,003ken006009006003002,kambare
41,siaya,003ken006009,siaya,235,gem,003ken006009006003003,ndori
41,siaya,003ken006009,siaya,235,gem,003ken006009006003004,onyinyore
41,siaya,003ken006009,siaya,235,gem,003ken006009006003005,rera
41,siaya,003ken006009,siaya,235,gem,003ken006009006004001,kanyadet
41,siaya,003ken006009,siaya,235,gem,003ken006009006004002,kaudha_east
41,siaya,003ken006009,siaya,235,gem,003ken006009006004003,kaudha_west
41,siaya,003ken006009,siaya,235,gem,003ken006009006005001,dienye_east
41,siaya,003ken006009,siaya,235,gem,003ken006009006005002,nguge
41,siaya,003ken006009,siaya,235,gem,003ken006009006005003,dienya_west
41,siaya,003ken006009,siaya,235,gem,003ken006009007001001,gongo
41,siaya,003ken006009,siaya,235,gem,003ken006009007001002,kagilo
41,siaya,003ken006009,siaya,234,alego,003ken006009007001003,nyandiwa
41,siaya,003ken006009,siaya,235,gem,003ken006009007001004,nyawara
41,siaya,003ken006009,siaya,235,gem,003ken006009007001005,siriwo
41,siaya,003ken006009,siaya,235,gem,003ken006009007002001,lihanda
41,siaya,003ken006009,siaya,235,gem,003ken006009007002002,ramula
41,siaya,003ken006009,siaya,235,gem,003ken006009007002003,uranga
41,siaya,003ken006009,siaya,235,gem,003ken006009007003001,got_regea
41,siaya,003ken006009,siaya,235,gem,003ken006009007003002,lundha
41,siaya,003ken006009,siaya,235,gem,003ken006009007003003,malanga
41,siaya,003ken006009,siaya,235,gem,003ken006009007003004,maliera
41,siaya,003ken006009,siaya,235,gem,003ken006009007003005,ndere
41,siaya,003ken006009,siaya,235,gem,003ken006009007003006,nyabeda
41,siaya,003ken006009,siaya,235,gem,003ken006009007004001,nyandiwa
41,siaya,003ken006009,siaya,235,gem,003ken006009007004002,jina
41,siaya,003ken006009,siaya,235,gem,003ken006009007004003,marenyo
41,siaya,003ken006009,siaya,235,gem,003ken006009007004004,nyamninia
41,siaya,003ken006009,siaya,235,gem,003ken006009007004005,sauri
41,siaya,003ken006009,siaya,232,ugenya,003ken006009080101,multi_community
41,siaya,003ken006011,bondo,236,bondo,003ken006011001001001,ajigo
41,siaya,003ken006011,bondo,236,bondo,003ken006011001001002,bar_kowino
41,siaya,003ken006011,bondo,236,bondo,003ken006011001001003,nyawita
41,siaya,003ken006011,bondo,236,bondo,003ken006011001002001,ndeda/oyamo
41,siaya,003ken006011,bondo,236,bondo,003ken006011001002002,nyangoma
41,siaya,003ken006011,bondo,236,bondo,003ken006011001002003,uyawi
41,siaya,003ken006011,bondo,236,bondo,003ken006011001002004,west_migwena
41,siaya,003ken006011,bondo,236,bondo,003ken006011001003001,abom
41,siaya,003ken006011,bondo,236,bondo,003ken006011001003002,bar_chando
41,siaya,003ken006011,bondo,236,bondo,003ken006011001004001,east_migwena
41,siaya,003ken006011,bondo,236,bondo,003ken006011001004002,got_abiero
41,siaya,003ken006011,bondo,236,bondo,003ken006011001004003,nyaguda
41,siaya,003ken006011,bondo,236,bondo,003ken006011001005001,kapiyo
41,siaya,003ken006011,bondo,236,bondo,003ken006011001005002,utonga
41,siaya,003ken006011,bondo,236,bondo,003ken006011001006001,maranda
41,siaya,003ken006011,bondo,236,bondo,003ken006011001006002,usire
41,siaya,003ken006011,bondo,237,rarieda,003ken006011002001001,kabong
41,siaya,003ken006011,bondo,237,rarieda,003ken006011002001002,masala
41,siaya,003ken006011,bondo,237,rarieda,003ken006011002001003,rachar
41,siaya,003ken006011,bondo,237,rarieda,003ken006011002002001,east_katweng'a
41,siaya,003ken006011,bondo,237,rarieda,003ken006011002002002,west_katweng'a
41,siaya,003ken006011,bondo,237,rarieda,003ken006011002002003,ochieng'a
41,siaya,003ken006011,bondo,237,rarieda,003ken006011002002004,rageng'ni
41,siaya,003ken006011,bondo,237,rarieda,003ken006011002003001,lieta
41,siaya,003ken006011,bondo,237,rarieda,003ken006011002003002,naya
41,siaya,003ken006011,bondo,237,rarieda,003ken006011002003003,ndigwa
41,siaya,003ken006011,bondo,237,rarieda,003ken006011002004001,kagwa
41,siaya,003ken006011,bondo,237,rarieda,003ken006011002004002,kokwiri
41,siaya,003ken006011,bondo,236,bondo,003ken006011002004003,magare_island
41,siaya,003ken006011,bondo,237,rarieda,003ken006011003001001,memba
41,siaya,003ken006011,bondo,237,rarieda,003ken006011003001002,ramba_north
41,siaya,003ken006011,bondo,237,rarieda,003ken006011003001003,ramba_south
41,siaya,003ken006011,bondo,237,rarieda,003ken006011003002001,omia_diere
41,siaya,003ken006011,bondo,237,rarieda,003ken006011003002002,omia_malo
41,siaya,003ken006011,bondo,237,rarieda,003ken006011003002003,omia_mwalo
41,siaya,003ken006011,bondo,237,rarieda,003ken006011003003001,akom
41,siaya,003ken006011,bondo,237,rarieda,003ken006011003003002,nyagoko
41,siaya,003ken006011,bondo,237,rarieda,003ken006011003004001,mahaya
41,siaya,003ken006011,bondo,237,rarieda,003ken006011003004002,siger
41,siaya,003ken006011,bondo,236,bondo,003ken006011004001001,got_ramogi
41,siaya,003ken006011,bondo,236,bondo,003ken006011004001002,usigu
41,siaya,003ken006011,bondo,236,bondo,003ken006011004002001,othach
41,siaya,003ken006011,bondo,236,bondo,003ken006011004002002,pala
41,siaya,003ken006011,bondo,236,bondo,003ken006011004003001,mahanga
41,siaya,003ken006011,bondo,236,bondo,003ken006011004003002,mitundu
41,siaya,003ken006011,bondo,236,bondo,003ken006011004004001,bar_kanyango
41,siaya,003ken006011,bondo,236,bondo,003ken006011004004002,nyamone
41,siaya,003ken006011,bondo,236,bondo,003ken006011004005001,got_agulu
41,siaya,003ken006011,bondo,236,bondo,003ken006011004005002,usenge
41,siaya,003ken006011,bondo,236,bondo,003ken006011050101,multi_community
39,bungoma,003ken008001,bungoma,219,bumula,003ken008001001001001,lunao
39,bungoma,003ken008001,bungoma,217,sirisia,003ken008001001001002,north_myanga
39,bungoma,003ken008001,bungoma,219,bumula,003ken008001001002001,kimatuni
39,bungoma,003ken008001,bungoma,217,sirisia,003ken008001001002002,south_myanga
39,bungoma,003ken008001,bungoma,219,bumula,003ken008001001003001,mateka_east
39,bungoma,003ken008001,bungoma,219,bumula,003ken008001001003002,watoya
39,bungoma,003ken008001,bungoma,219,bumula,003ken008001001004001,khasoko
39,bungoma,003ken008001,bungoma,219,bumula,003ken008001001004002,mungore
39,bungoma,003ken008001,bungoma,219,bumula,003ken008001001004003,namatotoa
39,bungoma,003ken008001,bungoma,219,bumula,003ken008001001005001,nakhwana
39,bungoma,003ken008001,bungoma,217,sirisia,003ken008001001005002,myang/syombe
39,bungoma,003ken008001,bungoma,219,bumula,003ken008001001006001,bitobo
39,bungoma,003ken008001,bungoma,217,sirisia,003ken008001001006002,west_siboti
39,bungoma,003ken008001,bungoma,219,bumula,003ken008001001007001,mukwa
39,bungoma,003ken008001,bungoma,219,bumula,003ken008001001007002,kisawayi
39,bungoma,003ken008001,bungoma,219,bumula,003ken008001001008001,east_siboti
39,bungoma,003ken008001,bungoma,219,bumula,003ken008001001008002,musakasa
39,bungoma,003ken008001,bungoma,218,sirisia,003ken008001001009001,lumboka
39,bungoma,003ken008001,bungoma,217,sirisia,003ken008001001009002,west_mateka
39,bungoma,003ken008001,bungoma,219,bumula,003ken008001001009003,muanda
39,bungoma,003ken008001,bungoma,219,bumula,003ken008001001010001,kibuke
39,bungoma,003ken008001,bungoma,219,bumula,003ken008001001010002,lwanja
39,bungoma,003ken008001,bungoma,219,bumula,003ken008001001010003,ngoli
39,bungoma,003ken008001,bungoma,219,bumula,003ken008001001010004,mayanja
39,bungoma,003ken008001,bungoma,218,sirisia,003ken008001002001001,kabuchai
39,bungoma,003ken008001,bungoma,218,sirisia,003ken008001002001002,kisiwa
39,bungoma,003ken008001,bungoma,218,sirisia,003ken008001002002001,bwake
39,bungoma,003ken008001,bungoma,218,sirisia,003ken008001002002002,luuya
39,bungoma,003ken008001,bungoma,218,sirisia,003ken008001002003001,mukhweya
39,bungoma,003ken008001,bungoma,218,sirisia,003ken008001002003002,north_nalondo
39,bungoma,003ken008001,bungoma,218,sirisia,003ken008001002004001,west_nalondo
39,bungoma,003ken008001,bungoma,218,sirisia,003ken008001003001001,chwele
39,bungoma,003ken008001,bungoma,218,sirisia,003ken008001003001002,sichei
39,bungoma,003ken008001,bungoma,218,sirisia,003ken008001003001003,sikulu
39,bungoma,003ken008001,bungoma,218,sirisia,003ken008001003002001,kibichori
39,bungoma,003ken008001,bungoma,218,sirisia,003ken008001003002002,kuywa
39,bungoma,003ken008001,bungoma,218,sirisia,003ken008001003002003,mukuyuni
39,bungoma,003ken008001,bungoma,220,kanduyi,003ken008001004001001,kongoli
39,bungoma,003ken008001,bungoma,220,kanduyi,003ken008001004001002,namirembe
39,bungoma,003ken008001,bungoma,220,kanduyi,003ken008001004001003,ndengelwa
39,bungoma,003ken008001,bungoma,220,kanduyi,003ken008001004001004,north_sangalo
39,bungoma,003ken008001,bungoma,220,kanduyi,003ken008001004002001,east_sangalo
39,bungoma,003ken008001,bungoma,220,kanduyi,003ken008001004002002,mwikhupo
39,bungoma,003ken008001,bungoma,220,kanduyi,003ken008001004002003,namwacha
39,bungoma,003ken008001,bungoma,220,kanduyi,003ken008001004002004,west_sangalo
39,bungoma,003ken008001,bungoma,220,kanduyi,003ken008001004003001,marakaru
39,bungoma,003ken008001,bungoma,220,kanduyi,003ken008001004003002,tuuti
39,bungoma,003ken008001,bungoma,220,kanduyi,003ken008001004004001,namasanda
39,bungoma,003ken008001,bungoma,220,kanduyi,003ken008001004004002,south_kanduyi
39,bungoma,003ken008001,bungoma,220,kanduyi,003ken008001004005001,khalaba
39,bungoma,003ken008001,bungoma,220,kanduyi,003ken008001004005002,township
39,bungoma,003ken008001,bungoma,223,kimilili,003ken008001005001001,makhonge
39,bungoma,003ken008001,bungoma,223,kimilili,003ken008001005001002,nabikoto
39,bungoma,003ken008001,bungoma,223,kimilili,003ken008001005002001,chebukwabi
39,bungoma,003ken008001,bungoma,223,kimilili,003ken008001005002002,kibingei
39,bungoma,003ken008001,bungoma,223,kimilili,003ken008001005003001,kimilili
39,bungoma,003ken008001,bungoma,223,kimilili,003ken008001005003002,township_kimilili
39,bungoma,003ken008001,bungoma,223,kimilili,003ken008001005004001,nasusi
39,bungoma,003ken008001,bungoma,223,kimilili,003ken008001005004002,sikhendu
39,bungoma,003ken008001,bungoma,221,webuye,003ken008001006001001,mihuu
39,bungoma,003ken008001,bungoma,221,webuye,003ken008001006001002,mitukuyu
39,bungoma,003ken008001,bungoma,221,webuye,003ken008001006002001,misimo
39,bungoma,003ken008001,bungoma,221,webuye,003ken008001006002002,lutacho
39,bungoma,003ken008001,bungoma,221,webuye,003ken008001006003001,makuselwa
39,bungoma,003ken008001,bungoma,221,webuye,003ken008001006003002,marinda
39,bungoma,003ken008001,bungoma,221,webuye,003ken008001006003003,misemwa
39,bungoma,003ken008001,bungoma,221,webuye,003ken008001006003004,wabukhonyi
39,bungoma,003ken008001,bungoma,221,webuye,003ken008001006004001,magemo/masai
39,bungoma,003ken008001,bungoma,217,sirisia,003ken008001006004002,sitabicha
39,bungoma,003ken008001,bungoma,217,sirisia,003ken008001007001001,central_namwela
39,bungoma,003ken008001,bungoma,217,sirisia,003ken008001007001002,menu
39,bungoma,003ken008001,bungoma,217,sirisia,003ken008001007001003,south_namwela
39,bungoma,003ken008001,bungoma,217,sirisia,003ken008001007002001,north_kulisiru
39,bungoma,003ken008001,bungoma,217,sirisia,003ken008001007002002,south_kulisiru
39,bungoma,003ken008001,bungoma,224,kimilili,003ken008001008001001,kabuyefwe
39,bungoma,003ken008001,bungoma,224,kimilili,003ken008001008001002,sirakaru
39,bungoma,003ken008001,bungoma,224,kimilili,003ken008001008002001,kiminini
39,bungoma,003ken008001,bungoma,224,kimilili,003ken008001008002002,tabani
39,bungoma,003ken008001,bungoma,224,kimilili,003ken008001008003001,kibisi
39,bungoma,003ken008001,bungoma,224,kimilili,003ken008001008003002,mbakalo
39,bungoma,003ken008001,bungoma,224,kimilili,003ken008001008004001,milima
39,bungoma,003ken008001,bungoma,224,kimilili,003ken008001008004002,naitiri
39,bungoma,003ken008001,bungoma,224,kimilili,003ken008001008005001,mitua
39,bungoma,003ken008001,bungoma,224,kimilili,003ken008001008005002,ndalu
39,bungoma,003ken008001,bungoma,224,kimilili,003ken008001008006001,soysambu
39,bungoma,003ken008001,bungoma,224,kimilili,003ken008001008006002,tongaren
39,bungoma,003ken008001,bungoma,222,webuye,003ken008001009001001,bokoli
39,bungoma,003ken008001,bungoma,222,webuye,003ken008001009001002,mahanga
39,bungoma,003ken008001,bungoma,222,webuye,003ken008001009001003,matisi
39,bungoma,003ken008001,bungoma,222,webuye,003ken008001009001004,miendo
39,bungoma,003ken008001,bungoma,222,webuye,003ken008001009002001,kituni
39,bungoma,003ken008001,bungoma,222,webuye,003ken008001009002002,malaha
39,bungoma,003ken008001,bungoma,222,webuye,003ken008001009002003,misikhu
39,bungoma,003ken008001,bungoma,222,webuye,003ken008001009003001,khalumuli
39,bungoma,003ken008001,bungoma,222,webuye,003ken008001009003002,milo
39,bungoma,003ken008001,bungoma,222,webuye,003ken008001009003003,sitikho
39,bungoma,003ken008001,bungoma,221,webuye,003ken008001009004001,maraka
39,bungoma,003ken008001,bungoma,222,webuye,003ken008001009004002,matulo
39,bungoma,003ken008001,bungoma,221,webuye,003ken008001009004003,township_webuye
39,bungoma,003ken008001,bungoma,217,sirisia,003ken008001010001001,chebukuyi
39,bungoma,003ken008001,bungoma,217,sirisia,003ken008001010001002,mayekwe
39,bungoma,003ken008001,bungoma,217,sirisia,003ken008001010002001,bubokholo
39,bungoma,003ken008001,bungoma,217,sirisia,003ken008001010002002,butonge
39,bungoma,003ken008001,bungoma,217,sirisia,003ken008001010002003,mwalie
39,bungoma,003ken008001,bungoma,221,webuye,003ken008001010002004,sitabicha
39,bungoma,003ken008001,bungoma,217,sirisia,003ken008001010002005,tamulega
39,bungoma,003ken008001,bungoma,217,sirisia,003ken008001010003001,machakha
39,bungoma,003ken008001,bungoma,217,sirisia,003ken008001010003002,wanono
39,bungoma,003ken008001,bungoma,217,sirisia,003ken008001110101,multi_community
40,busia,003ken008002,busia,228,matayos,003ken008002001001001,mjini
40,busia,003ken008002,busia,228,matayos,003ken008002001001002,mayenje
40,busia,003ken008002,busia,228,matayos,003ken008002002001001,mundika
40,busia,003ken008002,busia,228,matayos,003ken008002002001002,esikulu
40,busia,003ken008002,busia,228,matayos,003ken008002002001003,bugengi
40,busia,003ken008002,busia,228,matayos,003ken008002002002001,nasira
40,busia,003ken008002,busia,228,matayos,003ken008002002002002,alungoli
40,busia,003ken008002,busia,228,matayos,003ken008002002002003,nakhakina
40,busia,003ken008002,busia,227,nambale,003ken008002002003001,lunga
40,busia,003ken008002,busia,228,matayos,003ken008002002003002,buyama
40,busia,003ken008002,busia,228,matayos,003ken008002002003003,mabunge
40,busia,003ken008002,busia,228,matayos,003ken008002002004001,busende
40,busia,003ken008002,busia,228,matayos,003ken008002002004002,igero
40,busia,003ken008002,busia,228,matayos,003ken008002002004003,luliba
40,busia,003ken008002,busia,228,matayos,003ken008002002005001,nangoma
40,busia,003ken008002,busia,228,matayos,003ken008002002005002,munyafwa
40,busia,003ken008002,busia,228,matayos,003ken008002002005003,murende
40,busia,003ken008002,busia,227,nambale,003ken008002003001001,kapina
40,busia,003ken008002,busia,227,nambale,003ken008002003001002,lupida
40,busia,003ken008002,busia,227,nambale,003ken008002003002001,musokoto
40,busia,003ken008002,busia,227,nambale,003ken008002003002002,khwirale
40,busia,003ken008002,busia,227,nambale,003ken008002003003001,mungatsi
40,busia,003ken008002,busia,227,nambale,003ken008002003003002,sikinga
40,busia,003ken008002,busia,227,nambale,003ken008002003003003,buyofu
40,busia,003ken008002,busia,227,nambale,003ken008002003003004,madibo
40,busia,003ken008002,busia,227,nambale,003ken008002003004001,lwanyange
40,busia,003ken008002,busia,227,nambale,003ken008002003004002,malanga
40,busia,003ken008002,busia,227,nambale,003ken008002003004003,sinende
40,busia,003ken008002,busia,227,nambale,003ken008002003005001,siekunya
40,busia,003ken008002,busia,227,nambale,003ken008002003005002,nambale_township
40,busia,003ken008002,busia,227,nambale,003ken008002003005003,kisoko
40,busia,003ken008002,busia,229,butula,003ken008002004001001,busire
40,busia,003ken008002,busia,229,butula,003ken008002004001002,bumala_a
40,busia,003ken008002,busia,229,butula,003ken008002004001003,bukhakhala
40,busia,003ken008002,busia,229,butula,003ken008002004002001,burinda
40,busia,003ken008002,busia,227,nambale,003ken008002004002002,bujumba
40,busia,003ken008002,busia,227,nambale,003ken008002004002003,ikonzo
40,busia,003ken008002,busia,229,butula,003ken00800200400201,bujumba
40,busia,003ken008002,busia,229,butula,003ken00800200400202,ikonzo
40,busia,003ken008002,busia,229,butula,003ken008002004003001,kingadole
40,busia,003ken008002,busia,229,butula,003ken008002004003002,esikoma
40,busia,003ken008002,busia,229,butula,003ken008002004003003,bukhalalire
40,busia,003ken008002,busia,227,nambale,003ken008002004004001,mukhweso
40,busia,003ken008002,busia,229,butula,003ken008002004004002,bwaliro
40,busia,003ken008002,busia,229,butula,003ken008002004004003,bulwani
40,busia,003ken008002,busia,229,butula,003ken008002004004004,bulemia
40,busia,003ken008002,busia,229,butula,003ken008002004004005,namwitsula
40,busia,003ken008002,busia,229,butula,003ken008002004005001,kanjala
40,busia,003ken008002,busia,229,butula,003ken008002004005002,bukati
40,busia,003ken008002,busia,229,butula,003ken008002004005003,sikarira
40,busia,003ken008002,busia,229,butula,003ken008002004006001,elukongo
40,busia,003ken008002,busia,229,butula,003ken008002004006002,bumala_b
40,busia,003ken008002,busia,229,butula,003ken008002004006003,tingolo
40,busia,003ken008002,busia,230,funyula,003ken008002005001001,lugala
40,busia,003ken008002,busia,230,funyula,003ken008002005001002,mango
40,busia,003ken008002,busia,230,funyula,003ken008002005001003,sibinga
40,busia,003ken008002,busia,230,funyula,003ken008002005001004,ganjala
40,busia,003ken008002,busia,230,funyula,003ken008002005001005,ludacho
40,busia,003ken008002,busia,228,matayos,003ken008002005002001,luanda
40,busia,003ken008002,busia,230,funyula,003ken008002005002002,buloma
40,busia,003ken008002,busia,230,funyula,003ken008002005002003,namboboto
40,busia,003ken008002,busia,230,funyula,003ken008002005002004,mudoma
40,busia,003ken008002,busia,230,funyula,003ken008002005002005,nyakhobi
40,busia,003ken008002,busia,230,funyula,003ken008002005003001,kabwodo
40,busia,003ken008002,busia,230,funyula,003ken008002005003002,odiado
40,busia,003ken008002,busia,230,funyula,003ken008002005003003,bundalanga
40,busia,003ken008002,busia,230,funyula,003ken008002005003004,wakhungu
40,busia,003ken008002,busia,230,funyula,003ken008002005004001,luchululo
40,busia,003ken008002,busia,230,funyula,003ken008002005004002,sirekeresi
40,busia,003ken008002,busia,230,funyula,003ken008002005004003,bukhulungu
40,busia,003ken008002,busia,230,funyula,003ken008002005004004,sigulu
40,busia,003ken008002,busia,230,funyula,003ken008002005005001,sigalame
40,busia,003ken008002,busia,230,funyula,003ken008002005005002,agenga
40,busia,003ken008002,busia,227,nambale,003ken008002005005003,ajibo
40,busia,003ken008002,busia,230,funyula,003ken008002005005004,bukiri
40,busia,003ken008002,busia,230,funyula,003ken00800200500501,ojibo
40,busia,003ken008002,busia,227,nambale,003ken008002005006001,bujwanga
40,busia,003ken008002,busia,230,funyula,003ken008002005006002,nanderema
40,busia,003ken008002,busia,230,funyula,003ken008002005006003,rumbiye
40,busia,003ken008002,busia,230,funyula,003ken008002005007001,busembe
40,busia,003ken008002,busia,230,funyula,003ken008002005007002,busijo
40,busia,003ken008002,busia,230,funyula,003ken008002005007003,hakati
40,busia,003ken008002,busia,230,funyula,003ken008002005007004,namuduru
40,busia,003ken008002,busia,231,budalangi,003ken008002006001001,bukani
40,busia,003ken008002,busia,231,budalangi,003ken008002006001002,siginga
40,busia,003ken008002,busia,231,budalangi,003ken008002006001003,bukoma
40,busia,003ken008002,busia,229,butula,003ken008002006002001,namusala
40,busia,003ken008002,busia,231,budalangi,003ken008002006002002,sisenye
40,busia,003ken008002,busia,231,budalangi,003ken008002006002003,mundere
40,busia,003ken008002,busia,231,budalangi,003ken008002006003001,budalangi
40,busia,003ken008002,busia,231,budalangi,003ken008002006003002,mudembi
40,busia,003ken008002,busia,231,budalangi,003ken008002006003003,ruambwa
40,busia,003ken008002,busia,231,budalangi,003ken008002006004001,magombe_west
40,busia,003ken008002,busia,231,budalangi,003ken008002006004002,magombe_east
40,busia,003ken008002,busia,231,budalangi,003ken008002006004003,magombe_central
40,busia,003ken008002,busia,231,budalangi,003ken008002006005001,mabinju/mabusi
40,busia,003ken008002,busia,231,budalangi,003ken008002006005002,lugare
40,busia,003ken008002,busia,231,budalangi,003ken008002006005003,rugunga
40,busia,003ken008002,busia,231,budalangi,003ken008002006006001,rukala
40,busia,003ken008002,busia,231,budalangi,003ken008002006006002,ebulwani
40,busia,003ken008002,busia,231,budalangi,003ken008002006006003,obaro
40,busia,003ken008002,busia,227,nambale,003ken008002070101,multi_community
39,bungoma,003ken008003,mount_elgon,216,mt_elgon,003ken008003001001001,chebwek
39,bungoma,003ken008003,mount_elgon,216,mt_elgon,003ken008003001001002,chepkube
39,bungoma,003ken008003,mount_elgon,216,mt_elgon,003ken008003001002001,cheptais
39,bungoma,003ken008003,mount_elgon,216,mt_elgon,003ken008003001002002,ngachi
39,bungoma,003ken008003,mount_elgon,216,mt_elgon,003ken008003001003001,chemondi
39,bungoma,003ken008003,mount_elgon,216,mt_elgon,003ken008003001003002,chesikak
39,bungoma,003ken008003,mount_elgon,216,mt_elgon,003ken008003001004001,sasuri
39,bungoma,003ken008003,mount_elgon,216,mt_elgon,003ken008003001004002,toroso
39,bungoma,003ken008003,mount_elgon,216,mt_elgon,003ken008003002001001,kamutiong
39,bungoma,003ken008003,mount_elgon,216,mt_elgon,003ken008003002001002,kibuk
39,bungoma,003ken008003,mount_elgon,216,mt_elgon,003ken008003002001003,kimobo
39,bungoma,003ken008003,mount_elgon,216,mt_elgon,003ken008003002002001,kamuneru
39,bungoma,003ken008003,mount_elgon,216,mt_elgon,003ken008003002002002,sacho
39,bungoma,003ken008003,mount_elgon,216,mt_elgon,003ken008003002003001,bugaa
39,bungoma,003ken008003,mount_elgon,216,mt_elgon,003ken008003002003002,chemweisus
39,bungoma,003ken008003,mount_elgon,216,mt_elgon,003ken008003002003003,kapsokwony
39,bungoma,003ken008003,mount_elgon,216,mt_elgon,003ken008003002004001,kipyeto
39,bungoma,003ken008003,mount_elgon,216,mt_elgon,003ken008003002004002,koshok
39,bungoma,003ken008003,mount_elgon,216,mt_elgon,003ken008003002004003,nomorio
39,bungoma,003ken008003,mount_elgon,216,mt_elgon,003ken008003002004004,sambocho
39,bungoma,003ken008003,mount_elgon,216,mt_elgon,003ken008003003001001,chemoge
39,bungoma,003ken008003,mount_elgon,216,mt_elgon,003ken008003003001002,chemses
39,bungoma,003ken008003,mount_elgon,216,mt_elgon,003ken008003003002001,chesito
39,bungoma,003ken008003,mount_elgon,216,mt_elgon,003ken008003003002002,kaboywo
39,bungoma,003ken008003,mount_elgon,216,mt_elgon,003ken008003003003001,kaborom
39,bungoma,003ken008003,mount_elgon,216,mt_elgon,003ken008003003003002,kaptama
39,bungoma,003ken008003,mount_elgon,216,mt_elgon,003ken008003003004001,kapalelio
39,bungoma,003ken008003,mount_elgon,216,mt_elgon,003ken008003003004002,kongit
39,bungoma,003ken008003,mount_elgon,216,mt_elgon,003ken008003004001001,chepyuk
39,bungoma,003ken008003,mount_elgon,216,mt_elgon,003ken008003004001002,kaimugul
39,bungoma,003ken008003,mount_elgon,216,mt_elgon,003ken008003004001003,kubura
39,bungoma,003ken008003,mount_elgon,216,mt_elgon,003ken008003004002001,chongeywo
39,bungoma,003ken008003,mount_elgon,216,mt_elgon,003ken008003004002002,kapkurongo
39,bungoma,003ken008003,mount_elgon,216,mt_elgon,003ken008003004002003,masaek
39,bungoma,003ken008003,mount_elgon,216,mt_elgon,003ken008003004003001,chepkurkur
39,bungoma,003ken008003,mount_elgon,216,mt_elgon,003ken008003004003002,emia
39,bungoma,003ken008003,mount_elgon,216,mt_elgon,003ken008003004003003,korngontuny
39,bungoma,003ken008003,mount_elgon,216,mt_elgon,003ken008003004004001,cheptonon
39,bungoma,003ken008003,mount_elgon,216,mt_elgon,003ken008003004004002,teremi
39,bungoma,003ken008003,mount_elgon,216,mt_elgon,003ken008003004004003,toywondet
39,bungoma,003ken008003,mount_elgon,216,mt_elgon,003ken008003005001001,mt_elgon_forest
39,bungoma,003ken008003,mount_elgon,216,mt_elgon,003ken008003060101,multi_community
37,kakamega,003ken008004,kakamega,203,lurambi,003ken008004001001001,budonga
37,kakamega,003ken008004,kakamega,203,lurambi,003ken008004001001002,kochwa
37,kakamega,003ken008004,kakamega,203,lurambi,003ken008004001001003,sidikho
37,kakamega,003ken008004,kakamega,203,lurambi,003ken008004001001004,lusumu
37,kakamega,003ken008004,kakamega,203,lurambi,003ken008004001002001,buchangu
37,kakamega,003ken008004,kakamega,203,lurambi,003ken008004001002002,nambacha
37,kakamega,003ken008004,kakamega,203,lurambi,003ken008004001002003,sirigoi
37,kakamega,003ken008004,kakamega,203,lurambi,003ken008004001002004,mukhweso
37,kakamega,003ken008004,kakamega,203,lurambi,003ken008004001003001,namirama
37,kakamega,003ken008004,kakamega,203,lurambi,003ken008004001003002,sevilie
37,kakamega,003ken008005,lugari,201,malava,003ken008004002001001,burundu
37,kakamega,003ken008005,lugari,201,malava,003ken008004002001002,shikutse
37,kakamega,003ken008005,lugari,201,malava,003ken008004002001003,lukume
37,kakamega,003ken008005,lugari,201,malava,003ken008004002002001,samitsi
37,kakamega,003ken008005,lugari,201,malava,003ken008004002002002,malekha
37,kakamega,003ken008004,kakamega,202,lurambi,003ken008004002002003,mugai
37,kakamega,003ken008005,lugari,201,malava,003ken008004002002004,shivikhwa
37,kakamega,003ken008004,kakamega,202,lurambi,003ken008004002003001,chegulo
37,kakamega,003ken008005,lugari,201,malava,003ken008004002003002,matsakha
37,kakamega,003ken008005,lugari,201,malava,003ken008004002003003,tande
37,kakamega,003ken008004,kakamega,202,lurambi,003ken008004002003004,matioli
37,kakamega,003ken008005,lugari,201,malava,003ken008004002004001,tombo
37,kakamega,003ken008005,lugari,201,malava,003ken008004002004002,manda
37,kakamega,003ken008004,kakamega,202,lurambi,003ken008004002004003,shivanga
37,kakamega,003ken008005,lugari,201,malava,003ken008004002004004,fuvuye
37,kakamega,003ken008005,lugari,201,malava,003ken008004002005001,musingu
37,kakamega,003ken008004,kakamega,202,lurambi,003ken008004002005002,chimuche
37,kakamega,003ken008004,kakamega,202,lurambi,003ken008004002005003,ikoli
37,kakamega,003ken008005,lugari,201,malava,003ken008004002005004,kakunga
37,kakamega,003ken008004,kakamega,202,lurambi,003ken008004002006001,mahira
37,kakamega,003ken008005,lugari,201,malava,003ken008004002006002,mwera
37,kakamega,003ken008005,lugari,201,malava,003ken008004002006003,shamberere
37,kakamega,003ken008005,lugari,201,malava,003ken008004002006004,chevoso
37,kakamega,003ken008004,kakamega,202,lurambi,003ken008004002006005,shianda
37,kakamega,003ken008004,kakamega,209,shinyalu,003ken008004003001001,lubao
37,kakamega,003ken008004,kakamega,209,shinyalu,003ken008004003001002,buyangu
37,kakamega,003ken008004,kakamega,209,shinyalu,003ken008004003001003,ivakale
37,kakamega,003ken008004,kakamega,209,shinyalu,003ken008004003001004,bulovi
37,kakamega,003ken008004,kakamega,209,shinyalu,003ken008004003002001,lukusi
37,kakamega,003ken008004,kakamega,209,shinyalu,003ken008004003002002,lunyu
37,kakamega,003ken008004,kakamega,209,shinyalu,003ken008004003002003,ikuywa
37,kakamega,003ken008004,kakamega,209,shinyalu,003ken008004004001001,malimili
37,kakamega,003ken008004,kakamega,209,shinyalu,003ken008004004001002,mukhonje
37,kakamega,003ken008004,kakamega,209,shinyalu,003ken008004004001003,magomari
37,kakamega,003ken008004,kakamega,209,shinyalu,003ken008004004002001,shitochi
37,kakamega,003ken008004,kakamega,209,shinyalu,003ken008004004002002,shidodo
37,kakamega,003ken008004,kakamega,209,shinyalu,003ken008004004002003,museno
37,kakamega,003ken008004,kakamega,209,shinyalu,003ken008004004002004,shirulu
37,kakamega,003ken008004,kakamega,209,shinyalu,003ken008004004002005,lugose
37,kakamega,003ken008004,kakamega,209,shinyalu,003ken008004004003001,shiswa
37,kakamega,003ken008004,kakamega,209,shinyalu,003ken008004004003002,kakamega_forest
37,kakamega,003ken008004,kakamega,209,shinyalu,003ken008004004003003,mukulusu
37,kakamega,003ken008004,kakamega,209,shinyalu,003ken008004004003004,itenyi
37,kakamega,003ken008004,kakamega,209,shinyalu,003ken008004004003005,shisembe
37,kakamega,003ken008004,kakamega,209,shinyalu,003ken008004004004001,shingonto
37,kakamega,003ken008004,kakamega,209,shinyalu,003ken008004004004002,virhembe
37,kakamega,003ken008004,kakamega,209,shinyalu,003ken008004004004003,mukhango
37,kakamega,003ken008004,kakamega,209,shinyalu,003ken008004004004004,shiasava
37,kakamega,003ken008004,kakamega,210,ikolomani,003ken008004005001001,musoli
37,kakamega,003ken008004,kakamega,210,ikolomani,003ken008004005001002,mukongolo
37,kakamega,003ken008004,kakamega,210,ikolomani,003ken008004005001003,lunerere
37,kakamega,003ken008004,kakamega,210,ikolomani,003ken008004005001004,shibunane
37,kakamega,003ken008004,kakamega,210,ikolomani,003ken008004005002001,mutaho
37,kakamega,003ken008004,kakamega,210,ikolomani,003ken008004005002002,shimanyiro
37,kakamega,003ken008004,kakamega,210,ikolomani,003ken008004005002003,shiseso
37,kakamega,003ken008004,kakamega,210,ikolomani,003ken008004005002004,shikulu
37,kakamega,003ken008004,kakamega,210,ikolomani,003ken008004005003001,shivagala
37,kakamega,003ken008004,kakamega,210,ikolomani,003ken008004005003002,malinya
37,kakamega,003ken008004,kakamega,210,ikolomani,003ken008004005003003,shitoli
37,kakamega,003ken008004,kakamega,210,ikolomani,003ken008004005004001,lirhembe
37,kakamega,003ken008004,kakamega,210,ikolomani,003ken008004005004002,makhokho
37,kakamega,003ken008004,kakamega,210,ikolomani,003ken008004005004003,ivonda
37,kakamega,003ken008004,kakamega,210,ikolomani,003ken008004005004004,savane
37,kakamega,003ken008004,kakamega,210,ikolomani,003ken008004005004005,shiveye
37,kakamega,003ken008004,kakamega,210,ikolomani,003ken008004005005001,lukose
37,kakamega,003ken008004,kakamega,210,ikolomani,003ken008004005005002,shisejeri
37,kakamega,003ken008004,kakamega,210,ikolomani,003ken008004005005003,shanjetso
37,kakamega,003ken008004,kakamega,210,ikolomani,003ken008004005006001,shabwali
37,kakamega,003ken008004,kakamega,210,ikolomani,003ken008004005006002,madivini
37,kakamega,003ken008004,kakamega,210,ikolomani,003ken008004005006003,kaluni
37,kakamega,003ken008004,kakamega,203,lurambi,003ken008004006001001,shikomari
37,kakamega,003ken008004,kakamega,203,lurambi,003ken008004006001002,shinoyi
37,kakamega,003ken008004,kakamega,203,lurambi,003ken008004006001003,esumeya
37,kakamega,003ken008004,kakamega,203,lurambi,003ken008004006001004,ingotse
37,kakamega,003ken008004,kakamega,203,lurambi,003ken008004006001005,matiha
37,kakamega,003ken008004,kakamega,202,lurambi,003ken008004006002001,murumba
37,kakamega,003ken008004,kakamega,202,lurambi,003ken008004006002002,shirakalu
37,kakamega,003ken008004,kakamega,202,lurambi,003ken008004006002003,indangalasia
37,kakamega,003ken008004,kakamega,202,lurambi,003ken008004006003001,eshibuli
37,kakamega,003ken008004,kakamega,202,lurambi,003ken008004006003002,eshisiru
37,kakamega,003ken008004,kakamega,202,lurambi,003ken008004006003003,shiyunzu
37,kakamega,003ken008004,kakamega,202,lurambi,003ken008004006004001,eshibeye
37,kakamega,003ken008004,kakamega,202,lurambi,003ken008004006004002,emukaya
37,kakamega,003ken008004,kakamega,202,lurambi,003ken008004006004003,shbuli
37,kakamega,003ken008004,kakamega,202,lurambi,003ken008004007001001,sichirayi
37,kakamega,003ken008004,kakamega,202,lurambi,003ken008004007001002,township_lurambi
37,kakamega,003ken008004,kakamega,202,lurambi,003ken008004007002001,mahiakalo
37,kakamega,003ken008004,kakamega,202,lurambi,003ken008004007002002,shirere
37,kakamega,003ken008004,kakamega,202,lurambi,003ken008004080101,multi_community
37,kakamega,003ken008005,lugari,200,lugari,003ken008005001001001,nzoia
37,kakamega,003ken008005,lugari,200,lugari,003ken008005001001002,mwiba
37,kakamega,003ken008005,lugari,200,lugari,003ken008005001001003,namunyiri
37,kakamega,003ken008005,lugari,200,lugari,003ken008005001001004,milimani
37,kakamega,003ken008005,lugari,200,lugari,003ken008005001002001,musemwa
37,kakamega,003ken008005,lugari,200,lugari,003ken008005001002002,vinyenya
37,kakamega,003ken008005,lugari,200,lugari,003ken008005001002003,moi's_bridge
37,kakamega,003ken008005,lugari,200,lugari,003ken008005001002004,matunda
37,kakamega,003ken008005,lugari,200,lugari,003ken008005001003001,sango
37,kakamega,003ken008005,lugari,200,lugari,003ken008005001003002,mawetatu
37,kakamega,003ken008005,lugari,200,lugari,003ken008005001003003,kongoni
37,kakamega,003ken008005,lugari,200,lugari,003ken008005001004001,soy
37,kakamega,003ken008005,lugari,200,lugari,003ken008005001004002,seregeya
37,kakamega,003ken008005,lugari,199,lugari,003ken008005002001001,lugari
37,kakamega,003ken008005,lugari,199,lugari,003ken008005002001002,marakusi
37,kakamega,003ken008005,lugari,199,lugari,003ken008005002002001,mukuyu
37,kakamega,003ken008005,lugari,199,lugari,003ken008005002002002,mbagara
37,kakamega,003ken008005,lugari,199,lugari,003ken008005002003001,mwamba
37,kakamega,003ken008005,lugari,199,lugari,003ken008005002003002,munyuki
37,kakamega,003ken008005,lugari,199,lugari,003ken008005002004001,koromait
37,kakamega,003ken008005,lugari,199,lugari,003ken008005002004002,musembe
37,kakamega,003ken008005,lugari,199,lugari,003ken008005003001001,mahanga
37,kakamega,003ken008005,lugari,199,lugari,003ken008005003001002,maturu
37,kakamega,003ken008005,lugari,199,lugari,003ken008005003001003,mabuye
37,kakamega,003ken008005,lugari,199,lugari,003ken008005003001004,luandeti
37,kakamega,003ken008005,lugari,199,lugari,003ken008005003002001,kivaywa
37,kakamega,003ken008005,lugari,199,lugari,003ken008005003002002,kiliboti
37,kakamega,003ken008005,lugari,199,lugari,003ken008005003002003,kulumbeni
37,kakamega,003ken008005,lugari,199,lugari,003ken008005040101,multi_community
40,busia,003ken008006,teso,225,amagoro,003ken008006001001001,kakalet
40,busia,003ken008006,teso,225,amagoro,003ken008006001001002,kakapel
40,busia,003ken008006,teso,225,amagoro,003ken008006001002001,katotoi
40,busia,003ken008006,teso,225,amagoro,003ken008006001002002,kakurikit
40,busia,003ken008006,teso,225,amagoro,003ken008006001002003,adanya
40,busia,003ken008006,teso,225,amagoro,003ken008006001002004,chelelemuk
40,busia,003ken008006,teso,225,amagoro,003ken008006001003001,kolait
40,busia,003ken008006,teso,225,amagoro,003ken008006001003002,adumai
40,busia,003ken008006,teso,225,amagoro,003ken008006001003003,moding
40,busia,003ken008006,teso,226,amagoro,003ken008006001003004,apokor
40,busia,003ken008006,teso,225,amagoro,003ken008006001004001,kakemer
40,busia,003ken008006,teso,225,amagoro,003ken008006001004002,chemasiri
40,busia,003ken008006,teso,226,amagoro,003ken008006001005001,akobwait
40,busia,003ken008006,teso,226,amagoro,003ken008006001005002,aterait
40,busia,003ken008006,teso,225,amagoro,003ken008006001005003,changara
40,busia,003ken008006,teso,225,amagoro,003ken008006001006001,aloete
40,busia,003ken008006,teso,225,amagoro,003ken008006001006002,kolanya
40,busia,003ken008006,teso,225,amagoro,003ken008006001007001,akolong
40,busia,003ken008006,teso,225,amagoro,003ken008006001007002,katelepai
40,busia,003ken008006,teso,225,amagoro,003ken008006001007003,rwatama
40,busia,003ken008006,teso,225,amagoro,003ken008006001008001,aedomoru
40,busia,003ken008006,teso,225,amagoro,003ken008006001008002,akachachata
40,busia,003ken008006,teso,226,amagoro,003ken008006001008003,mwari
40,busia,003ken008006,teso,225,amagoro,003ken008006002001001,akiriamasit
40,busia,003ken008006,teso,225,amagoro,003ken008006002001002,kajei
40,busia,003ken008006,teso,225,amagoro,003ken008006002002001,komiriai
40,busia,003ken008006,teso,225,amagoro,003ken008006002002002,township
40,busia,003ken008006,teso,225,amagoro,003ken008006002002003,alobai
40,busia,003ken008006,teso,225,amagoro,003ken008006002003001,osasame
40,busia,003ken008006,teso,225,amagoro,003ken008006002003002,korisai
40,busia,003ken008006,teso,225,amagoro,003ken008006002004001,koruruma
40,busia,003ken008006,teso,225,amagoro,003ken008006002004002,onyunyur
40,busia,003ken008006,teso,225,amagoro,003ken008006002005001,okuleu
40,busia,003ken008006,teso,225,amagoro,003ken008006002005002,kakoli
40,busia,003ken008006,teso,225,amagoro,003ken008006002006001,kocholia
40,busia,003ken008006,teso,225,amagoro,003ken008006002006002,kangatunyi
40,busia,003ken008006,teso,225,amagoro,003ken008006002006003,koteko
40,busia,003ken008006,teso,225,amagoro,003ken008006002007001,kiriko
40,busia,003ken008006,teso,225,amagoro,003ken008006002007002,kokare
40,busia,003ken008006,teso,225,amagoro,003ken008006002008001,ikapolok
40,busia,003ken008006,teso,225,amagoro,003ken008006002008002,amagoro
40,busia,003ken008006,teso,226,amagoro,003ken008006003001001,okook
40,busia,003ken008006,teso,226,amagoro,003ken008006003001002,akoreet
40,busia,003ken008006,teso,225,amagoro,003ken008006003001003,naderema
40,busia,003ken008006,teso,226,amagoro,003ken008006003002001,akiriamas
40,busia,003ken008006,teso,225,amagoro,003ken008006003002002,asurete
40,busia,003ken008006,teso,226,amagoro,003ken008006003002003,odiyoi
40,busia,003ken008006,teso,226,amagoro,003ken008006003003001,kochek
40,busia,003ken008006,teso,226,amagoro,003ken008006003003002,aturet
40,busia,003ken008006,teso,226,amagoro,003ken008006003003003,amukura
40,busia,003ken008006,teso,225,amagoro,003ken008006003004001,onyunyur
40,busia,003ken008006,teso,225,amagoro,003ken008006003004002,kamolo
40,busia,003ken008006,teso,225,amagoro,003ken008006003004003,kodedema
40,busia,003ken008006,teso,226,amagoro,003ken008006003005001,kidera
40,busia,003ken008006,teso,226,amagoro,003ken008006003005002,kotur
40,busia,003ken008006,teso,226,amagoro,003ken008006003006001,okisimo
40,busia,003ken008006,teso,226,amagoro,003ken008006003006002,kwangamor
40,busia,003ken008006,teso,226,amagoro,003ken008006003006003,aderema
40,busia,003ken008006,teso,226,amagoro,003ken008006003007001,katelenyang
40,busia,003ken008006,teso,226,amagoro,003ken008006003007002,kamunuoit
40,busia,003ken008006,teso,226,amagoro,003ken008006003007003,osuret
40,busia,003ken008006,teso,226,amagoro,003ken008006003008001,apatit
40,busia,003ken008006,teso,226,amagoro,003ken008006003008002,kaliwa
40,busia,003ken008006,teso,226,amagoro,003ken008006003008003,okatekok
40,busia,003ken008006,teso,226,amagoro,003ken008006004001001,obuchun
40,busia,003ken008006,teso,226,amagoro,003ken008006004001002,ongariama
40,busia,003ken008006,teso,226,amagoro,003ken008006004001003,alomodoi
40,busia,003ken008006,teso,226,amagoro,003ken008006004002001,aludeka
40,busia,003ken008006,teso,226,amagoro,003ken008006004002002,ngelechom
40,busia,003ken008006,teso,226,amagoro,003ken008006004002003,achit
40,busia,003ken008006,teso,226,amagoro,003ken008006004003001,akites
40,busia,003ken008006,teso,225,amagoro,003ken008006004003002,karisa
40,busia,003ken008006,teso,226,amagoro,003ken008006004003003,morukarisa
40,busia,003ken008006,teso,226,amagoro,003ken008006004004001,amaase
40,busia,003ken008006,teso,226,amagoro,003ken008006004004002,adungosi
40,busia,003ken008006,teso,226,amagoro,003ken008006004004003,ongaroi
40,busia,003ken008006,teso,226,amagoro,003ken008006004005001,okiludu
40,busia,003ken008006,teso,226,amagoro,003ken008006004005002,otimong
40,busia,003ken008006,teso,226,amagoro,003ken008006004005003,olepito
40,busia,003ken008006,teso,226,amagoro,003ken008006004006001,alupe
40,busia,003ken008006,teso,226,amagoro,003ken008006004006002,amerikwai
40,busia,003ken008006,teso,226,amagoro,003ken008006004006003,agolot
40,busia,003ken008006,teso,225,amagoro,003ken008006050101,multi_community
38,vihiga,003ken008007,vihiga,215,emuhaya,003ken008007001001001,emmabwi
38,vihiga,003ken008007,vihiga,215,emuhaya,003ken008007001001002,ebukhanga
38,vihiga,003ken008007,vihiga,215,emuhaya,003ken008007001001003,esirulo
38,vihiga,003ken008007,vihiga,211,vihiga,003ken008007001001004,emusire
38,vihiga,003ken008007,vihiga,211,vihiga,003ken008007001001005,essunza
38,vihiga,003ken008007,vihiga,215,emuhaya,003ken008007001001006,essaba
38,vihiga,003ken008007,vihiga,215,emuhaya,003ken008007001002001,emukolla
38,vihiga,003ken008007,vihiga,215,emuhaya,003ken008007001002002,embali
38,vihiga,003ken008007,vihiga,215,emuhaya,003ken008007001002003,ebusiekwe
38,vihiga,003ken008007,vihiga,215,emuhaya,003ken008007001002004,itumbu
38,vihiga,003ken008007,vihiga,214,emuhaya,003ken008007001002005,ebusikhale
38,vihiga,003ken008007,vihiga,214,emuhaya,003ken008007001002006,ebusiralo
38,vihiga,003ken008007,vihiga,214,emuhaya,003ken008007001003001,esiandumba
38,vihiga,003ken008007,vihiga,214,emuhaya,003ken008007001003002,ebutanyi
38,vihiga,003ken008007,vihiga,214,emuhaya,003ken008007001003003,mwitubwi
38,vihiga,003ken008007,vihiga,214,emuhaya,003ken008007001003004,ebwiranyi
38,vihiga,003ken008007,vihiga,214,emuhaya,003ken008007001004001,emmaloba
38,vihiga,003ken008007,vihiga,214,emuhaya,003ken008007001004002,maseno
38,vihiga,003ken008007,vihiga,214,emuhaya,003ken008007001004003,ekwanda
38,vihiga,003ken008007,vihiga,214,emuhaya,003ken008007001004004,esabalu
38,vihiga,003ken008007,vihiga,214,emuhaya,003ken008007001004005,ebusakami
38,vihiga,003ken008007,vihiga,215,emuhaya,003ken008007002001001,emukhunzi
38,vihiga,003ken008007,vihiga,215,emuhaya,003ken008007002001002,ebusiratsi
38,vihiga,003ken008007,vihiga,211,vihiga,003ken008007002001003,ebukhaya
38,vihiga,003ken008007,vihiga,214,emuhaya,003ken008007002001004,ebukhubi
38,vihiga,003ken008007,vihiga,214,emuhaya,003ken008007002001005,ebulonga
38,vihiga,003ken008007,vihiga,215,emuhaya,003ken008007002002001,ebukhunza
38,vihiga,003ken008007,vihiga,215,emuhaya,003ken008007002002002,emusutswi
38,vihiga,003ken008007,vihiga,215,emuhaya,003ken008007002002003,ebunangwe
38,vihiga,003ken008007,vihiga,215,emuhaya,003ken008007002002004,ebusiloli
38,vihiga,003ken008007,vihiga,215,emuhaya,003ken008007002002005,ebusamia
38,vihiga,003ken008007,vihiga,214,emuhaya,003ken008007002003001,esirabe
38,vihiga,003ken008007,vihiga,214,emuhaya,003ken008007002003002,ebubayi
38,vihiga,003ken008007,vihiga,214,emuhaya,003ken008007002003003,ematsalwa
38,vihiga,003ken008007,vihiga,214,emuhaya,003ken008007002003004,esianda
38,vihiga,003ken008007,vihiga,214,emuhaya,003ken008007002004001,iboona
38,vihiga,003ken008007,vihiga,214,emuhaya,003ken008007002004002,ebusundi
38,vihiga,003ken008007,vihiga,214,emuhaya,003ken008007002004003,ebuhando
38,vihiga,003ken008007,vihiga,212,sabatia,003ken008007003001001,demesi
38,vihiga,003ken008007,vihiga,212,sabatia,003ken008007003001002,lyaduywa
38,vihiga,003ken008007,vihiga,212,sabatia,003ken008007003001003,mukingi
38,vihiga,003ken008007,vihiga,212,sabatia,003ken008007003002001,wanondi
38,vihiga,003ken008007,vihiga,212,sabatia,003ken008007003002002,viyalo
38,vihiga,003ken008007,vihiga,212,sabatia,003ken008007003002003,igunga
38,vihiga,003ken008007,vihiga,212,sabatia,003ken008007003002004,walodeya
38,vihiga,003ken008007,vihiga,212,sabatia,003ken008007003002005,evojo
38,vihiga,003ken008007,vihiga,212,sabatia,003ken008007003003001,hamuyundi
38,vihiga,003ken008007,vihiga,212,sabatia,003ken008007003003002,kegondi
38,vihiga,003ken008007,vihiga,212,sabatia,003ken008007003003003,solongo
38,vihiga,003ken008007,vihiga,212,sabatia,003ken008007003003004,kisatiru
38,vihiga,003ken008007,vihiga,212,sabatia,003ken008007003004001,bugina
38,vihiga,003ken008007,vihiga,212,sabatia,003ken008007003004002,budaywa
38,vihiga,003ken008007,vihiga,212,sabatia,003ken008007003004003,chamakanga
38,vihiga,003ken008007,vihiga,212,sabatia,003ken008007003005001,chavogere
38,vihiga,003ken008007,vihiga,212,sabatia,003ken008007003005002,itegero
38,vihiga,003ken008007,vihiga,212,sabatia,003ken008007003005003,kedoli
38,vihiga,003ken008007,vihiga,212,sabatia,003ken008007003006001,vokoli
38,vihiga,003ken008007,vihiga,212,sabatia,003ken008007003006002,lusengeli
38,vihiga,003ken008007,vihiga,212,sabatia,003ken008007003006003,gavudia
38,vihiga,003ken008007,vihiga,212,sabatia,003ken008007003006004,gaigedi
38,vihiga,003ken008007,vihiga,212,sabatia,003ken008007003006005,mambai
38,vihiga,003ken008007,vihiga,212,sabatia,003ken008007003007001,mudete
38,vihiga,003ken008007,vihiga,212,sabatia,003ken008007003007002,digula
38,vihiga,003ken008007,vihiga,212,sabatia,003ken008007003007003,kigama
38,vihiga,003ken008007,vihiga,212,sabatia,003ken008007003007004,kivagala
38,vihiga,003ken008007,vihiga,212,sabatia,003ken008007003007005,mulundu
38,vihiga,003ken008007,vihiga,212,sabatia,003ken008007003008001,mbale
38,vihiga,003ken008007,vihiga,212,sabatia,003ken008007003008002,munoywa
38,vihiga,003ken008007,vihiga,212,sabatia,003ken008007003008003,bukhulunya
38,vihiga,003ken008007,vihiga,213,hamisi,003ken008007004001001,jeptulu
38,vihiga,003ken008007,vihiga,213,hamisi,003ken008007004001002,mulundu_hamisi
38,vihiga,003ken008007,vihiga,213,hamisi,003ken008007004001003,kaptech
38,vihiga,003ken008007,vihiga,213,hamisi,003ken008007004001004,muhudu
38,vihiga,003ken008007,vihiga,213,hamisi,003ken008007004001005,makuchi
38,vihiga,003ken008007,vihiga,213,hamisi,003ken008007004001006,shiru
38,vihiga,003ken008007,vihiga,213,hamisi,003ken008007004002001,jivololi
38,vihiga,003ken008007,vihiga,213,hamisi,003ken008007004002002,kisasi
38,vihiga,003ken008007,vihiga,213,hamisi,003ken008007004002003,serem
38,vihiga,003ken008007,vihiga,213,hamisi,003ken008007004002004,senende
38,vihiga,003ken008007,vihiga,213,hamisi,003ken008007004002005,kalwani
38,vihiga,003ken008007,vihiga,213,hamisi,003ken008007005001001,gimamoi
38,vihiga,003ken008007,vihiga,213,hamisi,003ken008007005001002,galona
38,vihiga,003ken008007,vihiga,213,hamisi,003ken008007005001003,gamoi
38,vihiga,003ken008007,vihiga,213,hamisi,003ken008007005001004,gavundunyi
38,vihiga,003ken008007,vihiga,213,hamisi,003ken008007005002001,kipchekwen
38,vihiga,003ken008007,vihiga,213,hamisi,003ken008007005002002,kapsotik
38,vihiga,003ken008007,vihiga,213,hamisi,003ken008007005002003,gasianga
38,vihiga,003ken008007,vihiga,213,hamisi,003ken008007005002004,givogi
38,vihiga,003ken008007,vihiga,213,hamisi,003ken008007005003001,gamalenga
38,vihiga,003ken008007,vihiga,213,hamisi,003ken008007005003002,gimarakwa
38,vihiga,003ken008007,vihiga,213,hamisi,003ken008007005003003,kiptaimes
38,vihiga,003ken008007,vihiga,213,hamisi,003ken008007005003004,ivola
38,vihiga,003ken008007,vihiga,213,hamisi,003ken008007005003005,mwembe
38,vihiga,003ken008007,vihiga,213,hamisi,003ken008007005004001,givole
38,vihiga,003ken008007,vihiga,213,hamisi,003ken008007005004002,kapchemgum
38,vihiga,003ken008007,vihiga,213,hamisi,003ken008007005004003,kitagwa
38,vihiga,003ken008007,vihiga,213,hamisi,003ken008007005004004,tigoi
38,vihiga,003ken008007,vihiga,211,vihiga,003ken008007006001001,vunandi
38,vihiga,003ken008007,vihiga,211,vihiga,003ken008007006001002,magui
38,vihiga,003ken008007,vihiga,211,vihiga,003ken008007006001003,muhanda
38,vihiga,003ken008007,vihiga,211,vihiga,003ken008007006002001,mbihi
38,vihiga,003ken008007,vihiga,211,vihiga,003ken008007006002002,kegoye
38,vihiga,003ken008007,vihiga,211,vihiga,003ken008007006002003,chambiti
38,vihiga,003ken008007,vihiga,211,vihiga,003ken008007006003001,kidundu
38,vihiga,003ken008007,vihiga,211,vihiga,003ken008007006003002,chango
38,vihiga,003ken008007,vihiga,211,vihiga,003ken008007006003003,ikumba
38,vihiga,003ken008007,vihiga,211,vihiga,003ken008007006003004,emanda
38,vihiga,003ken008007,vihiga,211,vihiga,003ken008007006004001,lusiola
38,vihiga,003ken008007,vihiga,211,vihiga,003ken008007006004002,ideleri
38,vihiga,003ken008007,vihiga,211,vihiga,003ken008007006004003,masana
38,vihiga,003ken008007,vihiga,211,vihiga,003ken008007006004004,chagenda
38,vihiga,003ken008007,vihiga,211,vihiga,003ken008007006005001,kisienya
38,vihiga,003ken008007,vihiga,211,vihiga,003ken008007006005002,madzuu
38,vihiga,003ken008007,vihiga,211,vihiga,003ken008007006005003,mahanga
38,vihiga,003ken008007,vihiga,211,vihiga,003ken008007006005004,vigulu
38,vihiga,003ken008007,vihiga,211,vihiga,003ken008007070101,multi_community
37,kakamega,003ken008008,butere,206,matungu,003ken008008001001001,lunganyiro
37,kakamega,003ken008008,butere,206,matungu,003ken008008001001002,munami
37,kakamega,003ken008008,butere,206,matungu,003ken008008001001003,mirere
37,kakamega,003ken008008,butere,206,matungu,003ken008008001001004,namamali
37,kakamega,003ken008008,butere,206,matungu,003ken008008001001005,koyonzo
37,kakamega,003ken008008,butere,204,mumias,003ken008008001001006,manyeni
37,kakamega,003ken008008,butere,206,matungu,003ken008008001001007,indangalasia
37,kakamega,003ken008008,butere,206,matungu,003ken008008001002001,mayoni
37,kakamega,003ken008008,butere,206,matungu,003ken008008001002002,matungu
37,kakamega,003ken008008,butere,206,matungu,003ken008008001002003,namulungu
37,kakamega,003ken008008,butere,206,matungu,003ken008008001002004,kholera
37,kakamega,003ken008008,butere,206,matungu,003ken008008001002005,musamba
37,kakamega,003ken008008,butere,206,matungu,003ken008008001002006,khalaba
37,kakamega,003ken008008,butere,204,mumias,003ken008008002001001,buchifi
37,kakamega,003ken008008,butere,204,mumias,003ken008008002001002,masinjira
37,kakamega,003ken008008,butere,204,mumias,003ken008008002001003,bukaya
37,kakamega,003ken008008,butere,208,khwisero,003ken008008002001004,eshikalame
37,kakamega,003ken008008,butere,204,mumias,003ken008008002001005,shihaka
37,kakamega,003ken008008,butere,204,mumias,003ken008008002001006,musanda
37,kakamega,003ken008008,butere,204,mumias,003ken008008002001007,bungasi
37,kakamega,003ken008008,butere,204,mumias,003ken008008002002001,matawa
37,kakamega,003ken008008,butere,204,mumias,003ken008008002002002,lureko
37,kakamega,003ken008008,butere,204,mumias,003ken008008002002003,township_mumias
37,kakamega,003ken008008,butere,204,mumias,003ken008008002002004,nucleus
37,kakamega,003ken008008,butere,205,mumias,003ken008008002002005,ekero
37,kakamega,003ken008008,butere,205,mumias,003ken008008002003001,khaunga
37,kakamega,003ken008008,butere,205,mumias,003ken008008002003002,malaha
37,kakamega,003ken008008,butere,205,mumias,003ken008008002003003,isongo
37,kakamega,003ken008008,butere,205,mumias,003ken008008002003004,makunga
37,kakamega,003ken008008,butere,205,mumias,003ken008008002003005,lubinu
37,kakamega,003ken008008,butere,205,mumias,003ken008008002003006,lusheya
37,kakamega,003ken008008,butere,205,mumias,003ken008008002003007,eluche
37,kakamega,003ken008008,butere,205,mumias,003ken008008002003008,munganga
37,kakamega,003ken008008,butere,207,butere,003ken008008003001001,shinamwenyuli
37,kakamega,003ken008008,butere,207,butere,003ken008008003001002,shirotsa
37,kakamega,003ken008008,butere,207,butere,003ken008008003001003,shirembe
37,kakamega,003ken008008,butere,207,butere,003ken008008003002001,imanga
37,kakamega,003ken008008,butere,207,butere,003ken008008003002002,ibokolo
37,kakamega,003ken008008,butere,207,butere,003ken008008003002003,mutoma
37,kakamega,003ken008008,butere,207,butere,003ken008008003003001,lunza
37,kakamega,003ken008008,butere,207,butere,003ken008008003003002,shitari
37,kakamega,003ken008008,butere,207,butere,003ken008008003003003,bunamu
37,kakamega,003ken008008,butere,207,butere,003ken008008003003004,buchenya
37,kakamega,003ken008008,butere,207,butere,003ken008008003004001,inaya
37,kakamega,003ken008008,butere,207,butere,003ken008008003004002,bushitinji
37,kakamega,003ken008008,butere,207,butere,003ken008008003004003,lukoye
37,kakamega,003ken008008,butere,207,butere,003ken008008003004004,shiraha
37,kakamega,003ken008008,butere,207,butere,003ken008008003005001,muyundi
37,kakamega,003ken008008,butere,207,butere,003ken008008003005002,buboko
37,kakamega,003ken008008,butere,207,butere,003ken008008003005003,shikunga
37,kakamega,003ken008008,butere,207,butere,003ken008008003006001,bubala
37,kakamega,003ken008008,butere,207,butere,003ken008008003006002,mabole
37,kakamega,003ken008008,butere,207,butere,003ken008008003006003,shianda
37,kakamega,003ken008008,butere,207,butere,003ken008008003007001,masaba
37,kakamega,003ken008008,butere,207,butere,003ken008008003007002,shibembe
37,kakamega,003ken008008,butere,207,butere,003ken008008003007003,shiatsala
37,kakamega,003ken008008,butere,207,butere,003ken008008003008001,bushieni
37,kakamega,003ken008008,butere,207,butere,003ken008008003008002,eshienjera
37,kakamega,003ken008008,butere,208,khwisero,003ken008008004001001,muhaka
37,kakamega,003ken008008,butere,208,khwisero,003ken008008004001002,doho
37,kakamega,003ken008008,butere,208,khwisero,003ken008008004001003,dudi
37,kakamega,003ken008008,butere,208,khwisero,003ken008008004002001,ekomero
37,kakamega,003ken008008,butere,208,khwisero,003ken008008004002002,ebuhala
37,kakamega,003ken008008,butere,208,khwisero,003ken008008004003001,mundeku
37,kakamega,003ken008008,butere,208,khwisero,003ken008008004003002,emutsatsa
37,kakamega,003ken008008,butere,208,khwisero,003ken008008004003003,wambulishe
37,kakamega,003ken008008,butere,208,khwisero,003ken008008004004001,mulwanda
37,kakamega,003ken008008,butere,204,mumias,003ken008008004004002,shirali
37,kakamega,003ken008008,butere,208,khwisero,003ken008008004004003,mushiangubu
37,kakamega,003ken008008,butere,208,khwisero,003ken008008004004004,khushiku
37,kakamega,003ken008008,butere,204,mumias,003ken008008004005001,mundobelwa
37,kakamega,003ken008008,butere,208,khwisero,003ken008008004005002,mwikalikha
37,kakamega,003ken008008,butere,208,khwisero,003ken008008004006001,emasatsi
37,kakamega,003ken008008,butere,208,khwisero,003ken008008004006002,emuruba
37,kakamega,003ken008008,butere,208,khwisero,003ken008008004006003,munjiti
37,kakamega,003ken008008,butere,208,khwisero,003ken008008004007001,eshibinga
37,kakamega,003ken008008,butere,208,khwisero,003ken008008004007002,emalindi
37,kakamega,003ken008008,butere,208,khwisero,003ken008008004007003,mundaha
37,kakamega,003ken008008,butere,204,mumias,003ken008008050101,multi_community
37,kakamega,003ken008005,lugari,201,malava,201017,butali
37,kakamega,003ken008005,lugari,201,malava,201018,west_lukala
37,kakamega,003ken008005,lugari,201,malava,201019,mutsuma
37,kakamega,003ken008005,lugari,201,malava,201020,sawawa
37,kakamega,003ken008005,lugari,201,malava,201021,isanjiro
37,kakamega,003ken008005,lugari,201,malava,201022,mutingongo
37,kakamega,003ken008005,lugari,201,malava,201023,tumbeni
37,kakamega,003ken008005,lugari,201,malava,201024,masungutsa
37,kakamega,003ken008005,lugari,201,malava,201025,chimoroni
37,kakamega,003ken008005,lugari,201,malava,201026,lukhokho
37,kakamega,003ken008005,lugari,201,malava,201027,kimangeti
37,kakamega,003ken008005,lugari,201,malava,201028,lwanda
37,kakamega,003ken008005,lugari,201,malava,201029,mukavakava
37,kakamega,003ken008005,lugari,201,malava,201030,shipala
37,kakamega,003ken008005,lugari,201,malava,201031,shamoni
37,kakamega,003ken008005,lugari,201,malava,201032,numushiya
37,kakamega,003ken008005,lugari,201,malava,201033,salala
37,kakamega,003ken008005,lugari,201,malava,201034,teresia
37,kakamega,003ken008005,lugari,201,malava,201035,fuvale
37,kakamega,003ken008005,lugari,201,malava,201036,mahusi
37,kakamega,003ken008005,lugari,201,malava,201037,chebwai
37,kakamega,003ken008005,lugari,201,malava,201038,shimuli
37,kakamega,003ken008005,lugari,201,malava,201039,muriola
37,kakamega,003ken008005,lugari,201,malava,201040,cheptuli
37,kakamega,003ken008005,lugari,201,malava,201041,shandiche
37,kakamega,003ken008005,lugari,201,malava,201042,shivikhwa
37,kakamega,003ken008005,lugari,201,malava,201043,lukala
37,kakamega,003ken008005,lugari,201,malava,201044,sheywe
37,kakamega,003ken008005,lugari,201,malava,201045,sundulo
37,kakamega,003ken008005,lugari,201,malava,201046,musungu
37,kakamega,003ken008005,lugari,201,malava,201047,malanga
37,kakamega,003ken008005,lugari,201,malava,201048,shilongo
37,kakamega,003ken008005,lugari,201,malava,201049,lunyinya
37,kakamega,003ken008005,lugari,201,malava,201050,ifwetere
37,kakamega,003ken008008,butere,206,matungu,206013,bulafu
37,kakamega,003ken008008,butere,206,matungu,206014,bukuti
37,kakamega,003ken008008,butere,206,matungu,206015,nanyeni
37,kakamega,003ken008008,butere,208,khwisero,208020,eshirali
39,bungoma,003ken008001,bungoma,219,bumula,219019,bumula
39,bungoma,003ken008001,bungoma,219,bumula,219020,mabusi
39,bungoma,003ken008001,bungoma,219,bumula,219021,kabula
39,bungoma,003ken008001,bungoma,219,bumula,219022,siyombe
40,busia,003ken008002,busia,229,butula,229021,emukhweso
40,busia,003ken008002,busia,230,funyula,230028,bulemia_funyula
40,busia,003ken008002,busia,230,funyula,230029,luanda_funyula
41,siaya,003ken006011,bondo,237,rarieda,237023,nyabera